Job Title,Job Title
Software Engineer,Software Engineer
Software Developer,Software Developer
Software Engineer | $80-$100k (remote),Software Engineer | $80-$100k (remote)
Software Engineer Full Stack Entry Level (Vancouver),Software Engineer Full Stack Entry Level (Vancouver)
Jr. Software Dev Engineer,Jr. Software Dev Engineer
Software Engineer,Software Engineer
Junior Developer,Junior Developer
Junior Software Engineer,Junior Software Engineer
Software Engineer (all levels),Software Engineer (all levels)
SOFTWARE TESTING ENGINEER,SOFTWARE TESTING ENGINEER
Viva Glint Senior Software Engineer – UI (Vancouver or Remote),Viva Glint Senior Software Engineer – UI (Vancouver or Remote)
Mts Software Engineer,Mts Software Engineer
Software Developer - Graduate opportunities,Software Developer - Graduate opportunities
Frontend Software Developer,Frontend Software Developer
Fall 2022 - Software Developer Intern,Fall 2022 - Software Developer Intern
Viva Glint Senior Software Engineer – UI (Vancouver or Remote),Viva Glint Senior Software Engineer – UI (Vancouver or Remote)
Mts Software Engineer,Mts Software Engineer
Junior Java Developer,Junior Java Developer
Software Developer - Summer 2022,Software Developer - Summer 2022
Software Developer - Graduate opportunities,Software Developer - Graduate opportunities
Software Developer,Software Developer
Frontend Software Developer,Frontend Software Developer
Software Development Engineer,Software Development Engineer
Fall 2022 - Software Developer Intern,Fall 2022 - Software Developer Intern
Frontend Developer - Canada,Frontend Developer - Canada
Software Engineer,Software Engineer
Software Quality Assurance Analyst - FTT,Software Quality Assurance Analyst - FTT
software developer,software developer
Web developer,Web developer
Back-End Software Engineer,Back-End Software Engineer
Software Developer - Integrations,Software Developer - Integrations
Senior Android Developer (Kotlin),Senior Android Developer (Kotlin)
software engineer,software engineer
Software Engineer,Software Engineer
Software Development Engineer,Software Development Engineer
"engineer, software","engineer, software"
Software Engineer,Software Engineer
R&D Software Engineer (remote),R&D Software Engineer (remote)
Software Engineer (React),Software Engineer (React)
Software Developer,Software Developer
Intermediate Front-End Software Developer,Intermediate Front-End Software Developer
software developer,software developer
"Software Developer, Gaming (Early-Career)","Software Developer, Gaming (Early-Career)"
Web developer,Web developer
Front End Developer,Front End Developer
software developer,software developer
Associate Software Developer,Associate Software Developer
Frontend Developer,Frontend Developer
Front End Developer ( JavaScript &Three.js),Front End Developer ( JavaScript &Three.js)
Cloud Development Engineer,Cloud Development Engineer
Developer II - Software Engineering,Developer II - Software Engineering
Software Engineer (Backend) - Canada,Software Engineer (Backend) - Canada
"Software Developer, Scotia Digital (Vancouver Hub)","Software Developer, Scotia Digital (Vancouver Hub)"
Software Developer,Software Developer
Software Developer (Banking Team) Co-op,Software Developer (Banking Team) Co-op
Frontend Web Developer -Co-op,Frontend Web Developer -Co-op
"Software Developer, Python","Software Developer, Python"
Software Developer,Software Developer
Developers (Junior),Developers (Junior)
Developers (Entry-Level),Developers (Entry-Level)
"Software Developer, Scotia Digital (Vancouver Hub)","Software Developer, Scotia Digital (Vancouver Hub)"
Front End Developer,Front End Developer
Software Developer,Software Developer
Software Developer (Banking Team) Co-op,Software Developer (Banking Team) Co-op
Frontend Web Developer -Co-op,Frontend Web Developer -Co-op
Senior Android Developer (Kotlin),Senior Android Developer (Kotlin)
"Software Developer, Python","Software Developer, Python"
Software Developer,Software Developer
Developers (Junior),Developers (Junior)
Developers (Entry-Level),Developers (Entry-Level)
Software Development Engineer,Software Development Engineer
Java Developer,Java Developer
SOFTWARE DEVELOPER,SOFTWARE DEVELOPER
Software Engineer in Test,Software Engineer in Test
software developer,software developer
Software Developer,Software Developer
Frontend Developer (React),Frontend Developer (React)
Software Development Engineer,Software Development Engineer
Software Engineer (Intermediate),Software Engineer (Intermediate)
AMTS Software Engineer,AMTS Software Engineer
Jr. React Web Developer,Jr. React Web Developer
"Ready - Software Developer, Backend","Ready - Software Developer, Backend"
Software Developers,Software Developers
Senior Software Engineer,Senior Software Engineer
Application Developer - 4358781,Application Developer - 4358781
software programmer,software programmer
"developer, software","developer, software"
Software Development Engineer II,Software Development Engineer II
DevOps Software Engineer,DevOps Software Engineer
WonderFi Software Project Coordinator Intern,WonderFi Software Project Coordinator Intern
DevOps Software Engineer,DevOps Software Engineer
WonderFi Software Project Coordinator Intern,WonderFi Software Project Coordinator Intern
Entry-Level Software Developer - Vancouver,Entry-Level Software Developer - Vancouver
"developer, software","developer, software"
SOFTWARE ENGINEER,SOFTWARE ENGINEER
Software Development Engineer,Software Development Engineer
"developer, software","developer, software"
Web developer,Web developer
"ENGINEER, SOFTWARE","ENGINEER, SOFTWARE"
Intermediate Developer,Intermediate Developer
Software Developer,Software Developer
Intermediate Software Engineer,Intermediate Software Engineer
Senior or Principal C++ Software Developer,Senior or Principal C++ Software Developer
Full Stack Engineer,Full Stack Engineer
"Software Developer, E-commerce Platform","Software Developer, E-commerce Platform"
"Software Developer, E-commerce Platform","Software Developer, E-commerce Platform"
Software Developer,Software Developer
Front-End Software Developer,Front-End Software Developer
Software Engineer - Frontend,Software Engineer - Frontend
Intermediate Full-Stack Software Developer,Intermediate Full-Stack Software Developer
Viva Glint Senior Software Engineer – Applications (Vancouver or Remote),Viva Glint Senior Software Engineer – Applications (Vancouver or Remote)
Artificial Intelligence Programming Instructor,Artificial Intelligence Programming Instructor
Software Engineer,Software Engineer
Java Developer,Java Developer
Intermediate Software Developer,Intermediate Software Developer
Software Development Analyst,Software Development Analyst
Software Engineer - Application Backend (Remote),Software Engineer - Application Backend (Remote)
Software Developer,Software Developer
Software Engineer Co-op - Fall 2022,Software Engineer Co-op - Fall 2022
Senior Software Developer,Senior Software Developer
Software Engineer,Software Engineer
Software Engineer,Software Engineer
Software Developer,Software Developer
Game Programmer | Minecraft,Game Programmer | Minecraft
Senior Software Engineer,Senior Software Engineer
Software Development Internship,Software Development Internship
Senior Software Developer (Response Management),Senior Software Developer (Response Management)
Senior Software Engineer,Senior Software Engineer
Software Developer,Software Developer
Software Engineering,Software Engineering
DevOps and Application Test Engineer,DevOps and Application Test Engineer
Windows Enterprise Support Engineer (On-Prem & Cloud),Windows Enterprise Support Engineer (On-Prem & Cloud)
Senior Software Developer (Remote),Senior Software Developer (Remote)
Software Developer – FortiSandbox Engine,Software Developer – FortiSandbox Engine
Java Developer,Java Developer
Software Developer,Software Developer
Software Engineering,Software Engineering
DevOps and Application Test Engineer,DevOps and Application Test Engineer
Windows Enterprise Support Engineer (On-Prem & Cloud),Windows Enterprise Support Engineer (On-Prem & Cloud)
Senior Software Developer (Remote),Senior Software Developer (Remote)
Software Developer – FortiSandbox Engine,Software Developer – FortiSandbox Engine
Java Developer,Java Developer
Intermediate Back-End Software Developer,Intermediate Back-End Software Developer
Software Developer (C/C++),Software Developer (C/C++)
Software Engineer - Full Stack,Software Engineer - Full Stack
Software Engineer,Software Engineer
Full Stack Developer - Senior,Full Stack Developer - Senior
Software Developer,Software Developer
Software Developer in Test,Software Developer in Test
Software Developer – Web,Software Developer – Web
